{
  "name": "evermore2",
  "title": "Evermore RPG System 2.0",
  "description": "A system for playing the Evermore RPG, a fantasy roleplaying game set in a world of magic and adventure.",
  "version": "1.0.0",
  "author": "Evermore Team",
  "minimumCoreVersion": "10",
  "compatibleCoreVersion": "13",
  "esmodules": [
    "scripts/evermore2.js"
  ],
  "styles": [
    "styles/evermore2.css"
  ],
  "packs": [],
  "languages": [
    {
      "lang": "en",
      "name": "English",
      "path": "lang/en.json"
    }
  ],
  "gridDistance": 5,
  "gridUnits": "ft",
  "primaryTokenAttribute": "hp",
  "secondaryTokenAttribute": null,
  "url": "",
  "manifest": "https://raw.githubusercontent.com/gwav/Evermore2/main/system.json",
  "download": "https://github.com/gwav/Evermore2/archive/main.zip"
}
 